Workbook

Sheet 功能开发计划
A1: 主功能 | B1: 子项目 | C1: 完成时间 | D1: 完成 进度 | E1: 状态 | F1: 关键 commit | G1: 风险 等级 | H1: 负责人 | I1: 投入 人天 | J1: 备注 | K1: 功能说明（场景 / 怎么用）
A2: 平台基础 | B2: 上游 v1.14.0 合并 + 7 个 MR patch | C2: 2026-07-21 | D2: 100% | E2: 已发布 | F2: 2ddd91a | G2: 低 | H2: 马克群 | I2: 0.5 | J2: 基线版本，3 套环境脚手架 | K2: 【场景】公司 DBA 团队需要 SQL 审核 + 工单流平台；【使用】部署后默认进入 Archery 主界面，业务开发走标准 SQL 上线流程。
B3: 134 dev / 110 prod / staging 初始化 | C3: 2026-07-21 | D3: 100% | E3: 已发布 | F3: — | G3: 低 | H3: 马克群 | I3: 0.5 | J3: dev=9003 / prod=9123，裸机 systemd | K3: 【场景】3 套环境隔离，代码不直接动生产；【使用】每套独立 .env + systemd unit，promote_110.sh 跨环境发布。
B4: dev 部署迭代 v0.1.1 ~ v0.1.9 | C4: 2026-07-22 ~ 07-30 | D4: 100% | E4: 已发布 | F4: 8 个 commit | G4: 低 | H4: 马克群 | I4: 2 | J4: systemd 化、qcluster 配置、ARCHERY_LOG_LEVEL | K4: 【场景】dev 从手工启服务到稳定 systemd；【使用】systemctl start archery-prod-gunicorn / archery-prod-qcluster，journalctl -u 看日志。
B5: 134/110 拓扑原则定 | C5: 2026-08-03 | D5: 100% | E5: 已发布 | F5: — | G5: 低 | H5: 马克群 | I5: 0.1 | J5: 134=DEV / 110=PROD | K5: 【场景】防止误操作生产；【使用】dev 验证通过才推 prod，110 prod 仅手动 ssh 介入。
B6: promote_110.sh 发布脚本 | C6: 2026-08-04 | D6: 100% | E6: 已发布 | F6: c9236a0 | G6: 低 | H6: 马克群 | I6: 0.5 | J6: 5 phase 发布脚本 | K6: 【场景】134 dev 验证完要一键推到 110 prod；【使用】在 134 上跑 ./scripts/promote_110.sh <commit-hash>，自动 backup + fetch + adapt + deploy。
A7: 钉钉 OA 集成 | B7: 驱动可插拔架构（audit_driver 路由） | C7: 2026-08-04 | D7: 100% | E7: 已发布 | F7: abe7f66 | G7: 低 | H7: 马克群 | I7: 0.5 | J7: audit_driver 可扩展 | K7: 【场景】未来想接入企业微信 OA / 飞书审批不用改核心；【使用】DRIVER_REGISTRY 注册新 driver，admin 配置 flow.audit_driver 选新值即可。
B8: 3D policy matching 策略匹配 | C8: 2026-08-04 | D8: 100% | E8: 已发布 | F8: abe7f66 | G8: 低 | H8: 马克群 | I8: 0.5 | J8: SQL 类型∧核心表∧行数 | K8: 【场景】不同 SQL 类型 + 不同业务表 + 不同行数走不同审批；【使用】admin 维护 ext_approval_policy 多条规则，按 priority 倒序匹配。
B9: handle_oa_callback 核心（幂等去重） | C9: 2026-08-04 | D9: 100% | E9: 已发布 | F9: abe7f66 | G9: 低 | H9: 马克群 | I9: 0.5 | J9: select_for_update + 验签 | K9: 【场景】钉钉侧审批结果自动回写到 Archery 状态；【使用】钉钉推送 → /dingtalk/oa/callback → 自动推进工单 + 写 WorkflowAuditDetail。
B10: 1对1 通知端到端跑通 | C10: 2026-08-04 | D10: 100% | E10: 已发布 | F10: abe7f66 | G10: 低 | H10: 马克群 | I10: 0.3 | J10: workflow_id=4 真跑通 | K10: 【场景】审批人变更时主动通知；【使用】dingtalk_oa driver 自动调钉钉 Open API 推 1对1 消息，业务方无需手动。
B11: v0.2.0 推到 110 prod | C11: 2026-08-04 | D11: 100% | E11: 已发布 | F11: c9236a0 | G11: 中 | H11: 马克群 | I11: 1 | J11: gunicorn pid 102228 + 4 workers | K11: 【场景】134 dev 验证完成，要给生产用上钉钉 OA 框架；【使用】promote_110.sh + 110 .env 启用 OA，admin 维护流程。
B12: 110 启用 OA 框架（published-not-enabled） | C12: 2026-08-04 21:22 | D12: 100% | E12: 已发布 | F12: — | G12: 低 | H12: 马克群 | I12: 0.2 | J12: 框架就绪、暂不启用 | K12: 【场景】110 prod 先上框架、暂不启用；【使用】admin 维护 ext_approval_flow / policy，把 audit_driver 切到 dingtalk_oa 即可启用。
A13: gh-ost 无锁 DDL | B13: 设计文档（12 章节） | C13: 2026-08-05 | D13: 100% | E13: 已发布 | F13: df90b37 | G13: 低 | H13: 马克群 | I13: 0.2 | J13: docs/designs/...html | K13: 【场景】v0.3.0 要做什么 / 不做什么团队对齐；【使用】浏览器打开 docs/designs/2026-08-05_gh-ost-product-design.html，含场景、流程、验收标准。
B14: gh-ost v1.1.10 二进制装到 134 dev | C14: 2026-08-05 | D14: 100% | E14: 已发布 | F14: — | G14: 低 | H14: 马克群 | I14: 0.2 | J14: /usr/local/bin/gh-ost | K14: 【场景】dev 环境演练无锁 DDL；【使用】gh-ost --version 验证 v1.1.10；后续 Archery 调它时走 settings.CUSTOM_GH_OST_BIN。
B15: v0.3.0-alpha：ext_ddl_ghost_task 表 + admin | C15: 2026-08-06 上午 | D15: 100% | E15: 已发布 | F15: 4f34a81 | G15: 低 | H15: 马克群 | I15: 0.5 | J15: 状态机 + 进度字段 | K15: 【场景】gh-ost 任务需要持久化记录 + admin 可查；【使用】admin → 扩展表 → gh-ost 任务，能看每条 task 的状态/进度/进程/错误。
B16: v0.3.0-alpha：预检查 5 道（binlog/disk/privs/sql/table_type） | C16: 2026-08-06 上午 | D16: 100% | E16: 已发布 | F16: 4f34a81 | G16: 低 | H16: 马克群 | I16: 0.5 | J16: 只读检查 | K16: 【场景】防止 gh-ost 跑挂了（binlog 不对、磁盘不够、权限缺、SQL 不合法、源表不对）；【使用】业务方勾"启用 gh-ost"时自动跑，5/5 PASS 才允许起进程。
B17: v0.3.0-alpha：6 个 endpoint + 进度面板 | C17: 2026-08-06 上午 | D17: 100% | E17: 已发布 | F17: 4f34a81 | G17: 低 | H17: 马克群 | I17: 0.5 | J17: precheck/enable/start/cancel/status/progress | K17: 【场景】前后端交互 + 业务方看迁移进度；【使用】POST /gh_ost/{action}/<wf_id>/ 触发；GET /gh_ost/progress/<wf_id>/ 看可视化进度面板（3s 自动刷新）。
B18: v0.3.0-alpha：端到端跑通 4 个 bug 修复 | C18: 2026-08-06 上午 | D18: 100% | E18: 已发布 | F18: c0f42b3 | G18: 低 | H18: 马克群 | I18: 0.3 | J18: 4 bug | K18: 【场景】alpha 端到端要跑通；【使用】用户无感，自动修复 SqlWorkflowContent OneToOne / PARTITION_NAME 列名 / ENGINE 大小写 / .env 兜底直连。
B19: v0.3.0-beta：真启 gh-ost 子进程（runner.py） | C19: 2026-08-06 下午 | D19: 100% | E19: 已发布 | F19: 2c5a0b7 | G19: 低 | H19: 马克群 | I19: 0.3 | J19: Popen + nohup | K19: 【场景】业务方提交 ALTER TABLE 工单要真改表；【使用】业务方在工单详情勾选 gh-ost → 5/5 PASS → DBA admin 点"启动"。
B20: v0.3.0-beta：stdout 解析器（parser.py） | C20: 2026-08-06 下午 | D20: 100% | E20: 已发布 | F20: 2c5a0b7 | G20: 低 | H20: 马克群 | I20: 0.3 | J20: 1.1.10 输出兼容 | K20: 【场景】gh-ost 进程输出要可视化；【使用】poller 自动每 3s 解析 log → 写 task.progress_* → 进度面板实时更新。
B21: v0.3.0-beta：状态机自动推进（poller.py） | C21: 2026-08-06 下午 | D21: 100% | E21: 已发布 | F21: 2c5a0b7 | G21: 低 | H21: 马克群 | I21: 0.5 | J21: 3s 轮询 | K21: 【场景】gh-ost 跑完后状态要自动切到 success/failed；【使用】poller 检测进程死亡 + 解析 log 末尾 → 自动 _finalize_task 写终态。
B22: v0.3.0-beta：admin cancel / retry / rollback 3 action | C22: 2026-08-06 下午 | D22: 100% | E22: 已发布 | F22: 2c5a0b7 | G22: 低 | H22: 马克群 | I22: 0.3 | J22: DBA 介入入口 | K22: 【场景】DBA 紧急介入（取消/重试/回滚）；【使用】admin → gh-ost 任务 → 勾选 → 选 action（取消当前、重试失败、手动 drop 影子表）。
B23: v0.3.0-beta：钉钉群通知（notify.py） | C23: 2026-08-06 下午 | D23: 100% | E23: 已发布 | F23: 2c5a0b7 | G23: 低 | H23: 马克群 | I23: 0.2 | J23: best-effort | K23: 【场景】DBA 群要知道工单迁移结果；【使用】配置 110 .env 的 DINGTALK_NOTIFY_WEBHOOK，task 终态时自动 @ 发起人 + 报告耗时。
B24: v0.3.0-beta：暂停阈值（Threads_running SIGSTOP） | C24: 2026-08-06 下午 | D24: 100% | E24: 已发布 | F24: 2c5a0b7 | G24: 低 | H24: 马克群 | I24: 0.3 | J24: 生产保护 | K24: 【场景】生产高峰期不能压垮 MySQL；【使用】poller 每 10s 查 Threads_running → 超阈值 SIGSTOP gh-ost → 负载降下来 SIGCONT。
B25: v0.3.0-beta：影子表 7 天 cron | C25: 2026-08-06 下午 | D25: 100% | E25: 已发布 | F25: 2c5a0b7 | G25: 低 | H25: 马克群 | I25: 0.3 | J25: 管理命令 | K25: 【场景】失败留下的影子表越攒越多；【使用】django-q 调度 /usr/bin/python manage.py cleanup_ghost_tables（或手动跑加 --dry-run 预览）。
... B28: 提 MR6 给上游 hhyo/Archery | C28: — | D28: 0% | E28: 可选 | F28: 09d3cc2 | G28: 低 | H28: 马克群 | I28: 0.2 | J28: 5 行 diff | K28: 【场景】bigint 精度问题影响所有 1.14.0 用户；【使用】mavis PR 到 github.com/hhyo/Archery，5 行 diff（sql_api/renderers.py 加 bigint_as_string=True）。
A29: 收尾 | B29: D+7 清理 110 旧版 /dbdata/archery_v114/ | C29: 2026-08-12 后 | D29: 0% | E29: 待办 | F29: — | G29: 低 | H29: 马克群 | I29: 0.2 | J29: A 级回滚保险到期 | K29: 【场景】110 prod 旧版保留 7 天后可以清；【使用】DBA 在 2026-08-12 后跑 rm -rf /dbdata/archery_v114/ + 删 /backup/promote/switch_20260805_201046/。
B30: MR 5 MySQL 5.7 → 8.0 升级规划 | C30: — | D30: 0% | E30: TBD | F30: — | G30: 高 | H30: 马克群 | I30: 5+ | J30: 独立项目 | K30: 【场景】5.7 已 EOL，必须升级到 8.0；【使用】独立项目评估 → 语法兼容性测试 + 字符集迁移 + 复制拓扑验证 → 切流（预计 5+ 天）。
A31: gh-ost 无锁 DDL | B31: v0.4.0 列压缩 | C31: 2026-08-06 | D31: 100% | E31: 已发布 | F31: 33cfd0f | G31: 中 | H31: mavis | I31: 0.3 | J31: Excel 列压缩到 11 列；DROP COLUMN + ADD COLUMN 改写为单行 ALTER 链 | K31: 【场景】v0.3.0 之前 DROP/ADD 拆成两条工单，134 dev 演练 1 张表要走 2 次 gh-ost。【使用】工单页面检测到 DROP+ADD 同表同提交 → 合并成 `ALTER TABLE x DROP col_a, ADD col_b` 单条 → 1 次 gh-ost 完成。
A32: gh-ost 无锁 DDL | B32: v0.4.1-alpha：ArchiveConfig 加进度字段（last_archive_status + progress_pct） | C32: — | D32: 0% | E32: 待办 | F32: DRAFT | G32: 低 | H32: mavis | I32: 0.3 | J32: admin list_display 加 last_archive_status / progress_pct 字段 | K32: 【场景】现有 archive_config 表只有 last_archive_time，看不到归档是否成功、跑了多少行。【使用】新增字段 last_archive_status（success/failed/running/pending）+ progress_pct + rows_archived；admin 列表直接看到状态。
A33: gh-ost 无锁 DDL | B33: v0.4.1-alpha：归档详情页增强（archive_detail.html 进度条 + 历史日志表格） | C33: — | D33: 0% | E33: 待办 | F33: DRAFT | G33: 中 | H33: mavis | I33: 0.4 | J33: templates/sqlarchive.html 改造 + ArchiveLog 表格化 | K33: 【场景】DBA 点进归档详情只看到基础字段，看不到每次归档跑了多少行 / 用了多久 / 失败原因。【使用】详情页加 进度条 + 历史日志表格（select_cnt/insert_cnt/delete_cnt/start_time/end_time/success/error_info）。
A34: gh-ost 无锁 DDL | B34: v0.4.1-alpha：归档完成钉钉通知（ArchiveLog 写完后发） | C34: — | D34: 0% | E34: 待办 | F34: DRAFT | G34: 低 | H34: mavis | I34: 0.2 | J34: archiver.archive() 末尾 async_task 发钉钉群 | K34: 【场景】归档是异步任务，DBA 不盯着页面不知道跑完没。【使用】archive() 完成后 async_task 调 notify_terminal，发钉钉群（best-effort，webhook 没配就 skip）。
A35: gh-ost 无锁 DDL | B35: v0.4.2-alpha：ArchiveConfig 加 auto_rebuild_after_archive 字段 + 归档完成 hook | C35: — | D35: 0% | E35: 待办 | F35: DRAFT | G35: 中 | H35: mavis | I35: 0.5 | J35: Boolean 字段；archive() 成功后自动触发 v0.4.5 rebuild task | K35: 【场景】归档删完数据后表会有大量碎片，需要 OPTIMIZE/重建。以前是手动两步走。【使用】ArchiveConfig 加 auto_rebuild_after_archive Boolean（默认 False）；archive() 成功后检测字段 → 写 DdlGhostTask（task_type=rebuild, related_task_id=archive_id）。
A36: gh-ost 无锁 DDL | B36: v0.4.2-beta：134 dev 演练归档→自动回收（accesscard_black_detail 造数据） | C36: — | D36: 0% | E36: 待办 | F36: DRAFT | G36: 中 | H36: mavis | I36: 0.3 | J36: 134 dev 演练：归档 100 万行历史数据 → 验证自动 rebuild | K36: 【场景】真实业务表测归档+重建联动。【使用】DBA 在 134 dev archery_dev 库 accesscard_black_detail 灌 100 万行 → 配归档+勾 auto_rebuild → 触发归档 → 验证 rebuild 自动跑 + 碎片回收成功。
A37: gh-ost 无锁 DDL | B37: v0.4.3-alpha：ArchiveLog 前端表格化（select/insert/delete 数量可视化） | C37: — | D37: 0% | E37: 待办 | F37: DRAFT | G37: 低 | H37: mavis | I37: 0.3 | J37: archive_log.html 加可视化（条形图 / 数字徽章） | K37: 【场景】归档日志表里只有 select_cnt/insert_cnt/delete_cnt 三个数字，肉眼比对累。【使用】前端加条形图 + 颜色徽章（成功=绿/失败=红），DBA 一眼看成功率和数据量趋势。
A38: gh-ost 无锁 DDL | B38: v0.4.3-alpha：归档成功率统计 dashboard（周/月） | C38: — | D38: 0% | E38: 待办 | F38: DRAFT | G38: 低 | H38: mavis | I38: 0.3 | J38: dashboard 模块加 archive 统计卡片 | K38: 【场景】DBA 主管要看全局归档健康度。【使用】dashboard 加卡片：本周归档次数 / 成功率 / 总归档行数 / 失败 Top 5。SQL 用 SUM/COUNT GROUP BY week，django 模板渲染。
A39: 钉钉 OA 集成 | B39: v0.2.1 钉钉 OA 模板（process_code） | C39: 2026-08-06 | D39: 0% | E39: 待办 | F39: DRAFT | G39: 中 | H39: 马克群 | I39: 0.5 | J39: 未开始；用户在 oa.dingtalk.com 建模板
A40: 钉钉 OA 集成 | B40: v0.2.2 Tunnel + 回调加密（cloudflared） | C40: 2026-08-06 | D40: 0% | E40: 待办 | F40: DRAFT | G40: 中 | H40: 马克群 | I40: 1 | J40: 前置条件：DBA 需自备域名（公网已备案），不能用 trycloudflare 临时域名；callback URL 走域名 + HTTPS
A41: 钉钉 OA 集成 | B41: v0.2.3 对账 cron + runbook | C41: 2026-08-06 | D41: 0% | E41: 待办 | F41: DRAFT | G41: 中 | H41: 马克群 | I41: 1 | J41: 依赖：v0.2.1 模板 + v0.2.2 tunnel 都完成后才能做（callback 不通就没法对账）
A42: gh-ost 无锁 DDL | B42: v0.4.5-alpha：model 改造（task_type + target_table + 拆 OneToOne） | C42: 2026-08-06 | D42: 100% | E42: 已发布 | F42: 6412da4 | G42: 中 | H42: 马克群 | I42: 0.3 | J42: alpha 6 件第 1 件；134 dev makemigrations --check 0 missing + migrate --check 0 阻塞 | K42: 【场景】ghost 是工单级（OneToOne SqlWorkflow），rebuild 是表级（DBA 手动选表）。【使用】新增字段 `task_type`/`target_table`/`related_task_id`；rebuild 时 workflow=NULL，target_table 存 `db.table`。
A43: gh-ost 无锁 DDL | B43: v0.4.5-alpha：rebuild service（services/rebuild.py） | C43: — | D43: 0% | E43: 待办 | F43: DRAFT | G43: 低 | H43: 马克群 | I43: 0.3 | J43: 复用 runner.py，差别只在 --alter 改 COMMENT 空 alter 触发重建 | K43: 【场景】大表碎片率高，OPTIMIZE TABLE 锁表；pt-osc 装新环境成本高。【使用】gh-ost 跑 `ALTER TABLE x COMMENT 'archery-auto-rebuild-YYYYMMDD'`，结构不变触发表重建，几秒锁表完成。
A44: gh-ost 无锁 DDL | B44: v0.4.5-alpha：视图 + 路由（rebuild/list 端点） | C44: — | D44: 0% | E44: 待办 | F44: DRAFT | G44: 中 | H44: 马克群 | I44: 0.3 | J44: 新增 POST /gh_ost/rebuild/<table_id>/ + GET /gh_ost/rebuild/list/ | K44: 【场景】DBA 选 instance + 表 → 一键触发 rebuild。【使用】DBA 在 admin 表列表点 "重建" → 写 task（task_type=rebuild, workflow=NULL）→ 启动 gh-ost → 进度面板 polling 3s。
A45: gh-ost 无锁 DDL | B45: v0.4.5-alpha：admin + UI（list_filter + 批量 action） | C45: — | D45: 0% | E45: 待办 | F45: DRAFT | G45: 中 | H45: 马克群 | I45: 0.3 | J45: admin list_filter 加 task_type；admin action 加 "批量重建"；progress.html 适配 rebuild 无工单场景 | K45: 【场景】DBA 看到一堆要重建的表，挨个点太慢。【使用】admin 勾选 N 张表 → action 选 "批量重建" → 一次触发 N 个 rebuild task（按表排队，同表只跑 1 个）。
A46: gh-ost 无锁 DDL | B46: v0.4.5-alpha：排队 + 关联归档（services/queue.py） | C46: — | D46: 0% | E46: 待办 | F46: DRAFT | G46: 中 | H46: 马克群 | I46: 0.5 | J46: 同表冲突排队（FIFO）；归档联动 auto_link_archive opt-in 开关 | K46: 【场景】DBA 同时点 "归档 + 回收"，同表 2 个 task 撞车。【使用】rebuild 检测到同表有归档 task running → 排队等前面完成 → 归档完自动启动 rebuild。归档联动默认关，要开显式勾 "归档完自动回收"。
A47: gh-ost 无锁 DDL | B47: v0.4.5-alpha：134 dev 演练（accesscard_black_detail 造碎片 → 重建） | C47: — | D47: 0% | E47: 待办 | F47: DRAFT | G47: 中 | H47: 马克群 | I47: 0.4 | J47: 删 50% 数据造碎片 → 跑 rebuild → 前后对比 INFORMATION_SCHEMA.TABLES.DATA_FREE | K47: 【场景】真实业务表测碎片回收效果。【使用】DBA 在 134 dev dev 库演练大表 accesscard_black_detail 上删一半行 → 点重建 → 观察 gh-ost 进度 → 验证 DATA_FREE 下降。重复 1 表 N 次验证限频 1 次/天/表。
A48: gh-ost 无锁 DDL | B48: v0.3.0-beta 前段 UI 集成 4 件 (启用按钮 + iframe 进度 + admin 按钮) | C48: 2026-08-11 | D48: 100% | E48: 已发布 | F48: 6c44926→2129221, 853bf6a, 461152d, 281fbeb | G48: 中 | H48: mavis | I48: 0.5 | J48: commit 4 件 + X-Frame-Options exempt + admin URL 用 app_label + superuser 守卫 | K48: 【场景】RD 走 gh-ost 流程要在详情页看到启动入口和实时进度；【使用】详情页'启用 gh-ost'按钮 → 预检 5s → 启动 → 进度面板 iframe 轮询 3s。admin 按钮仅 superuser 可见，跳新窗口绕开 X-Frame-Options。
A49: gh-ost 无锁 DDL | B49: v0.3.0-beta 端到端真跑成功 (wf=20 task=33 cut-over 5s) | C49: 2026-08-11 | D49: 100% | E49: 已发布 | F49: cd2ce88 | G49: 中 | H49: mavis | I49: 0.3 | J49: 端到端首跑 wf#20 task#33 | K49: 【场景】v0.3.0-beta 在 134 dev 真表演练首次跑通；【使用】admin 启用 → precheck 5/5 → 启动 pid=47284 → 5s 内 cut-over success + progress=100 + current_stage=done，wf.status 自动切 workflow_finish。
A50: gh-ost 无锁 DDL | B50: v0.3.0-beta 提交页'启用 gh-ost'勾选联动 | C50: 2026-08-11 | D50: 100% | E50: 已发布 | F50: 70fcf47 | G50: 中 | H50: mavis | I50: 0.3 | J50: submit_sql + api_workflow 联动 | K50: 【场景】RD 提交工单时能直接勾选'启用 gh-ost'；【使用】sqlsubmit.html 蓝色 checkbox → submit 端点调 _enable_ghost_for_workflow → 审批通过时 task 已在。3 路径验证：勾+ALTER 自动 / 不勾走原路径 / 勾+非 ALTER 主流程成功错误塞 response。
A51: gh-ost 无锁 DDL | B51: v0.3.0-beta 状态机三件套 (避免双 ALTER + wf 状态同步) | C51: 2026-08-11 | D51: 100% | E51: 已发布 | F51: 04ae0aa | G51: 中 | H51: mavis | I51: 0.4 | J51: is_can_execute 守卫 + poller._sync_workflow_status + 终态 UI | K51: 【场景】启用 gh-ost 后不能再点'立即执行'避免锁等待；【使用】active task (queued/running/cut_over/precheck_failed) 时 is_can_execute=False；poller 终态 success→workflow_finish / failed→workflow_exception / cancelled 不动；详情页 active 走 iframe / terminal 走摘要表。
A52: gh-ost 无锁 DDL | B52: v0.3.0-beta zombie socket 双层防御 | C52: 2026-08-11 | D52: 100% | E52: 已发布 | F52: 8ddc59a | G52: 中 | H52: mavis | I52: 0.3 | J52: runner 启动前清 + poller 终态清 | K52: 【场景】上次 cut-over 失败 / SIGTERM 残留 Unix socket 路径，新 gh-ost bind 失败；【使用】runner._cleanup_stale_socket 启动前探测（进程死 unlink + WARNING, 进程活 RuntimeError 防双跑）；poller SIGTERM 后 2s 探测 SIGKILL 兜底 + 主动 unlink /tmp/gh-ost.*.sock。
A53: gh-ost 无锁 DDL | B53: v0.3.0-beta 审批守卫 (启用前必须审批通过) | C53: 2026-08-11 | D53: 100% | E53: 已发布 | F53: 664058c | G53: 中 | H53: mavis | I53: 0.4 | J53: SqlWorkflow.enable_gh_ost + lazy auto-enable + cancel 清理 | K53: 【场景】修真 bug：提交勾 gh-ost 后审批前能点启用按钮；【使用】submit 端点只存标记 wf.enable_gh_ost=True；审批通过时 detail 视图 lazy auto-enable 调 _enable_ghost_for_workflow；拒绝/撤回走 /cancel/ 时清理非终态 DdlGhostTask，标记保留。
A54: gh-ost 无锁 DDL | B54: v0.3.0-beta DBA 兜底 + 大表 DDL 防呆 | C54: 2026-08-11 | D54: 100% | E54: 已发布 | F54: f87e875 | G54: 高 | H54: mavis | I54: 0.6 | J54: can_enable_ghost 放宽 + 大表 alert 三按钮 + 5 Case 演练 | K54: 【场景】修真生产风险：RD 没勾 gh-ost → 3 级审批通过 → DBA 走原路径'立即执行' → 大表锁表；【使用】can_enable_ghost 加 has_perm('sql.sql_review') 替代 is_dba_group；阈值 10w 行 / 100MB 触发红色 alert + 三按钮（启用 gh-ost 兜底 / 立即执行 confirm / 终止工单）。5 Case 端到端演练全过。
A55: 钉钉 OA 集成 | B55: v0.2.0 钉钉 OA 3 级审批配置生效修复 | C55: 2026-08-11 | D55: 100% | E55: 已发布 | F55: d5f88d1 | G55: 中 | H55: mavis | I55: 0.3 | J55: ext_approval_flow + fix_approval_flow_3level 命令 | K55: 【场景】修真 bug：wf#57 走单级 DBA 审批但用户配置 3 级；【使用】134 dev UPDATE ext_approval_flow audit_auth_groups='14,15,3'；新增 fix_approval_flow_3level management command (idempotent, 110 prod 推时跑)；init_fallback_flow 占位 1,2 → 14,15,3。
A56: 平台基础 | B56: 'bug 必记'原则固化 (AGENTS.md + troubleshooting.md 8KB 速查表) | C56: 2026-08-11 | D56: 100% | E56: 已发布 | F56: ba32ba5 | G56: 低 | H56: mavis | I56: 0.2 | J56: 4 层文档分工 + 按现象速查 8 类 + 14 个 changelog 索引 | K56: 【场景】用户提的工程纪律：修 bug 必须先写 changelog 再写代码，踩坑写进 memory；【使用】AGENTS.md 二次开发硬规则第 7 条固化 + docs/troubleshooting.md 8KB 速查表（gh-ost / 审批 / 老工单兼容 / 凭据加密 / 134 dev 部署 / Django 视图 / 演练脚本 / Windows 工具链 8 类），遇到问题先看它。
A57: 平台基础 | B57: HTML 项目进度汇报稿 (2026-08-11 6 大块 Report 模式) | C57: 2026-08-11 | D57: 100% | E57: 已发布 | F57: 07dedd1 | G57: 低 | H57: mavis | I57: 0.2 | J57: docs/reports/2026-08-11_project-progress-report.html 20KB | K57: 【场景】领导要 8/11 汇报项目进度；【使用】HTML Report 模式（cream 背景 + DM Serif + Outfit），6 大块：当前状态 / 关键数据 / 关键里程碑 / 本周亮点 / 风险 + 应对 / 下周计划。
A58: 提测阶段 | B58: 134 dev common/static 目录缺失修复 | C58: 2026-08-11 | D58: 100% | E58: 已发布 | F58: be4d6fb | G58: 高 | H58: mavis | I58: 0.2 | J58: tarball sync 漏 common/static/ 整个目录 | K58: 【症状】134 dev 页面裸 HTML 无 CSS/JS；【根因】tarball 打包漏 common/static/（gunicorn 一直 active 但页面静态资源 404）；【修法】cp -r upstream common/static/ + collectstatic --noinput + chown archery:archery + restart gunicorn。
A59: 提测阶段 | B59: detail_content 老工单 SqlWorkflowContent 缺失兼容 | C59: 2026-08-11 | D59: 100% | E59: 已发布 | F59: e78f758 | G59: 中 | H59: mavis | I59: 0.3 | J59: sql_workflow.py + policy.py + notify.py 加 getattr 兜底 | K59: 【症状】老工单无 sqlworkflowcontent 行 → AttributeError 500；【根因】detail_content 直接 .sqlworkflowcontent.xxx；【修法】3 个文件加 getattr + SqlWorkflowContent.DoesNotExist 兜底，老工单显示空 rows + _empty_content=True 不阻塞页面。
... A64: 提测阶段 | B64: 134 dev /var/log/archery/gh_ost/ 目录 chown 修复 | C64: 2026-08-11 | D64: 100% | E64: 已发布 | F64: 042dee3 | G64: 中 | H64: mavis | I64: 0.2 | J64: root 创建目录 + /tmp/gh-ost.*.sock 残留 | K64: 【症状】134 dev gh-ost 进程写日志失败 / cut-over 后 zombie socket 残留端口冲突；【根因】历史 v0.3.0-beta 演练时 root 跑 gh-ost 创建了 root:root 目录 + sock 文件；【修法】deploy_v030b.sh 加 chown -R archery:archery /var/log/archery/gh_ost + rm -f /tmp/gh-ost.*.sock + drop 影子表。

Sheet 汇总统计
A1: Archery 二次开发 · 汇总统计
A3: 按主功能统计
A4: 主功能 | B4: 子项目数 | C4: 已完成 | D4: 完成率 | E4: 高风险数 | F4: 投入人天
A5: 平台基础 | B5: =COUNTIF(功能开发计划!A:A,A5) | C5: =COUNTIFS(功能开发计划!A:A,A5,功能开发计划!E:E,"已发布") | D5: =IFERROR(C5/B5,0) | E5: =COUNTIFS(功能开发计划!A:A,A5,功能开发计划!G:G,"高") | F5: =SUMPRODUCT((功能开发计划!A2:A100=A5)*ISNUMBER(功能开发计划!I2:I100)*功能开发计划!I2:I100)
A6: 钉钉 OA 集成 | B6: =COUNTIF(功能开发计划!A:A,A6) | C6: =COUNTIFS(功能开发计划!A:A,A6,功能开发计划!E:E,"已发布") | D6: =IFERROR(C6/B6,0) | E6: =COUNTIFS(功能开发计划!A:A,A6,功能开发计划!G:G,"高") | F6: =SUMPRODUCT((功能开发计划!A2:A100=A6)*ISNUMBER(功能开发计划!I2:I100)*功能开发计划!I2:I100)
A7: gh-ost 无锁 DDL | B7: =COUNTIF(功能开发计划!A:A,A7) | C7: =COUNTIFS(功能开发计划!A:A,A7,功能开发计划!E:E,"已发布") | D7: =IFERROR(C7/B7,0) | E7: =COUNTIFS(功能开发计划!A:A,A7,功能开发计划!G:G,"高") | F7: =SUMPRODUCT((功能开发计划!A2:A100=A7)*ISNUMBER(功能开发计划!I2:I100)*功能开发计划!I2:I100)
A8: 收尾 | B8: =COUNTIF(功能开发计划!A:A,A8) | C8: =COUNTIFS(功能开发计划!A:A,A8,功能开发计划!E:E,"已发布") | D8: =IFERROR(C8/B8,0) | E8: =COUNTIFS(功能开发计划!A:A,A8,功能开发计划!G:G,"高") | F8: =SUMPRODUCT((功能开发计划!A2:A100=A8)*ISNUMBER(功能开发计划!I2:I100)*功能开发计划!I2:I100)
A9: 合计 | B9: =SUM(B5:B8) | C9: =SUM(C5:C8) | D9: =IFERROR(C9/B9,0) | E9: =SUM(E5:E8) | F9: =SUM(F5:F8)
A11: 整体完成率 | B11: =TEXT(C9,"0")&"/"&TEXT(B9,"0")&" ("&TEXT(D9*100,"0.0")&"%)"
A12: 总投入人天（已交付） | B12: =SUMPRODUCT((功能开发计划!E2:E100="已发布")*ISNUMBER(功能开发计划!I2:I100)*功能开发计划!I2:I100)

Sheet 按风险等级
A1: 按风险等级
A3: 风险等级 | B3: 数量（公式） | C3: 涉及子项目
A4: 高 | B4: =COUNTIF(功能开发计划!G:G,"高") | C4: =_xlfn.TEXTJOIN("；",TRUE,IF(功能开发计划!G2:G100="高",功能开发计划!B2:B100,""))
A5: 中 | B5: =COUNTIF(功能开发计划!G:G,"中") | C5: =_xlfn.TEXTJOIN("；",TRUE,IF(功能开发计划!G2:G100="中",功能开发计划!B2:B100,""))
A6: 低 | B6: =COUNTIF(功能开发计划!G:G,"低") | C6: =_xlfn.TEXTJOIN("；",TRUE,IF(功能开发计划!G2:G100="低",功能开发计划!B2:B100,""))

Sheet 按负责人
A1: 按负责人
A3: 负责人 | B3: 已交付 | C3: 待办 | D3: 总投入人天（已交付）
A4: mavis | B4: =COUNTIFS(功能开发计划!H:H,"mavis",功能开发计划!E:E,"已发布") | C4: =COUNTIFS(功能开发计划!H:H,"mavis",功能开发计划!E:E,"待办") | D4: =SUMPRODUCT((功能开发计划!H2:H100="mavis")*(功能开发计划!E2:E100="已发布")*ISNUMBER(功能开发计划!I2:I100)*功能开发计划!I2:I100)
A5: 阿达叔叔 | B5: =COUNTIFS(功能开发计划!H:H,"阿达叔叔",功能开发计划!E:E,"已发布") | C5: =COUNTIFS(功能开发计划!H:H,"阿达叔叔",功能开发计划!E:E,"待办") | D5: =SUMPRODUCT((功能开发计划!H2:H100="阿达叔叔")*(功能开发计划!E2:E100="已发布")*ISNUMBER(功能开发计划!I2:I100)*功能开发计划!I2:I100)
